{
  "bandState": {
    "Audio": [
      0,
      0,
      "LSB"
    ],
    "160": [
      1800000,
      7000,
      "LSB"
    ],
    "80": [
      3585000,
      -9750,
      "LSB"
    ],
    "60": [
      5370000,
      -13000,
      "USB"
    ],
    "40": [
      7200000,
      -12000,
      "LSB"
    ],
    "30": [
      10120000,
      12604,
      "LSB"
    ],
    "Time": [
      5000000,
      0,
      "AM"
    ],
    "20": [
      14240000,
      0,
      "USB"
    ],
    "17": [
      18130000,
      7000,
      "USB"
    ],
    "15": [
      21385000,
      10000,
      "USB"
    ],
    "12": [
      24970000,
      -1000,
      "USB"
    ],
    "10": [
      28440000,
      -15000,
      "USB"
    ],
    "6": [
      50095000,
      20378,
      "USB"
    ],
    "4": [
      70250000,
      10000,
      "USB"
    ],
    "2": [
      143990000,
      15000,
      "FM"
    ],
    "1.25": [
      223500000,
      10000,
      "USB"
    ],
    "70cm": [
      435000000,
      10000,
      "USB"
    ],
    "33cm": [
      915000000,
      10000,
      "USB"
    ],
    "23cm": [
      1270000000,
      10000,
      "USB"
    ],
    "13cm": [
      2375000000,
      10000,
      "USB"
    ],
    "9cm": [
      3400000000,
      10000,
      "USB"
    ],
    "5cm": [
      5787500000,
      10000,
      "USB"
    ],
    "3cm": [
      10250000000,
      10000,
      "USB"
    ]
  },
  "bandAmplPhase": {
    "Version": {
      "rx": [
        1
      ]
    },
    "30": {
      "tx": [
        [
          10130000,
          [
            [
              -15000,
              0.03534510433386838,
              -0.09705126090202376
            ],
            [
              -1000,
              0.041235955056179774,
              -0.18745477272625108
            ],
            [
              1000,
              0.032327447833065806,
              -0.12687752085564194
            ],
            [
              15000,
              0.03438202247191011,
              -0.007448558396529278
            ]
          ]
        ]
      ],
      "rx": [
        [
          10120000,
          [
            [
              -20018,
              0.008655704614513704,
              -0.26438441504394533
            ],
            [
              -10018,
              0.016420573792653048,
              -0.5187405246529809
            ],
            [
              -1000,
              0.013597082210684563,
              -0.1914733392618175
            ],
            [
              981,
              0.01470232225990542,
              -0.18129247149647745
            ],
            [
              9981,
              -0.0019984935443699836,
              -0.2967286966533852
            ],
            [
              19981,
              0.014090850074510275,
              -0.2854784117922532
            ]
          ]
        ]
      ]
    },
    "2": {
      "rx": []
    },
    "Time": {
      "rx": [
        [
          3330000,
          [
            [
              -20000,
              -0.0022281879194630872,
              -0.24053595302847502
            ],
            [
              -1000,
              0.0006442953020134228,
              -0.08665557769959117
            ],
            [
              0,
              0.0010335570469798658,
              -0.06168121543740351
            ],
            [
              1000,
              0.0010335570469798658,
              -0.06168121543740351
            ],
            [
              20000,
              -0.013999999999999999,
              0.2749907522431773
            ]
          ]
        ],
        [
          4990000,
          [
            [
              10000,
              0.001453036623554782,
              -0.08769108205731338
            ]
          ]
        ],
        [
          5000000,
          [
            [
              -20000,
              -0.016926174496644294,
              -0.01665779159800396
            ],
            [
              -1000,
              -0.016496644295302013,
              -0.0816148253423175
            ],
            [
              1000,
              -0.01598657718120805,
              -0.028645868780780067
            ],
            [
              20000,
              -0.03664429530201342,
              -0.015048070199434492
            ]
          ]
        ],
        [
          5010000,
          [
            [
              -10000,
              0.008551481796580829,
              -0.3337851413893471
            ]
          ]
        ],
        [
          9990000,
          [
            [
              10000,
              -0.003657976895124926,
              -0.049864991620523165
            ]
          ]
        ],
        [
          10000000,
          [
            [
              -20000,
              -0.039422818791946306,
              0.07965009454885902
            ],
            [
              -1000,
              -0.03734228187919463,
              -0.09509466997182568
            ],
            [
              1000,
              -0.03859060402684564,
              -0.03322862100946726
            ],
            [
              20000,
              -0.06405369127516779,
              -0.17066308564539762
            ]
          ]
        ],
        [
          14660000,
          [
            [
              10000,
              0.005194307608263227,
              -0.16459655698651013
            ]
          ]
        ],
        [
          14680000,
          [
            [
              -10000,
              0.013657924821889988,
              -0.4755939740612209
            ]
          ]
        ],
        [
          14990000,
          [
            [
              10000,
              0.010134357005758158,
              -0.17405184643142663
            ]
          ]
        ],
        [
          15000000,
          [
            [
              -20000,
              -0.05314093959731543,
              0.28210520637878533
            ],
            [
              -1000,
              -0.05271140939597315,
              -0.08105082125412154
            ],
            [
              1000,
              -0.05271140939597315,
              -0.032873761550012766
            ],
            [
              20000,
              -0.08014765100671141,
              -0.36626752748507624
            ]
          ]
        ],
        [
          19990000,
          [
            [
              9987,
              0.016545937209615724,
              -1.1305342156395755
            ]
          ]
        ],
        [
          20000000,
          [
            [
              -20000,
              -0.06452348993288591,
              0.38597777657088356
            ],
            [
              -1000,
              -0.06284563758389261,
              -0.10484400878496306
            ],
            [
              1000,
              -0.0633959731543624,
              -0.07882252854106855
            ],
            [
              20000,
              -0.09616107382550335,
              -0.6180899434137814
            ]
          ]
        ]
      ]
    },
    "15": {
      "rx": [
        [
          21220000,
          [
            [
              -20018,
              0.021969768021093294,
              -1.11051347051459
            ],
            [
              -10018,
              0.026494901029153306,
              -1.3092454439803154
            ],
            [
              -1000,
              0.02867184932249578,
              -1.046108307597428
            ],
            [
              981,
              0.029704781869003938,
              -1.0917094760077606
            ],
            [
              9981,
              0.01846096451557977,
              -1.32348121733592
            ],
            [
              19981,
              0.03496100865670626,
              -1.164275179331874
            ]
          ]
        ]
      ]
    },