{
  "bandState": {
    "Audio": [
      0,
      0,
      "LSB"
    ],
    "160": [
      1890000,
      -10000,
      "LSB"
    ],
    "80": [
      3590000,
      15000,
      "LSB"
    ],
    "60": [
      5340000,
      -9500,
      "USB"
    ],
    "40": [
      7060000,
      14000,
      "DGT-U"
    ],
    "30": [
      10130000,
      6000,
      "USB"
    ],
    "Time": [
      5000000,
      0,
      "AM"
    ],
    "20": [
      10395000,
      3675550,
      "CWL"
    ],
    "17": [
      18110000,
      -10000,
      "USB"
    ],
    "15": [
      21060000,
      14000,
      "DGT-U"
    ],
    "12": [
      24910000,
      5000,
      "DGT-U"
    ],
    "10": [
      28060000,
      14000,
      "DGT-U"
    ],
    "6": [
      52000000,
      10000,
      "USB"
    ],
    "4": [
      70250000,
      10000,
      "USB"
    ],
    "2": [
      146840000,
      10000,
      "FM"
    ],
    "1.25": [
      223500000,
      10000,
      "USB"
    ],
    "70cm": [
      435000000,
      10000,
      "USB"
    ],
    "33cm": [
      915000000,
      10000,
      "USB"
    ],
    "23cm": [
      1270000000,
      10000,
      "USB"
    ],
    "13cm": [
      2375000000,
      10000,
      "USB"
    ],
    "9cm": [
      3400000000,
      10000,
      "USB"
    ],
    "5cm": [
      5787500000,
      10000,
      "USB"
    ],
    "3cm": [
      10250000000,
      10000,
      "USB"
    ]
  },
  "bandAmplPhase": {
    "Version": {
      "rx": []
    },
    "20": {
      "tx": [
        [
          14090000,
          [
            [
              -16000,
              0.041423948220064725,
              0.38834951456310673
            ]
          ]
        ]
      ]
    },
    "30": {
      "tx": [
        [
          10130000,
          [
            [
              6000,
              0.033618122977346274,
              -0.04854368932038834
            ]
          ]
        ]
      ]
    },
    "40": {
      "tx": [
        [
          7140000,
          [
            [
              10000,
              0.01972168284789644,
              -0.030420711974110032
            ]
          ]
        ]
      ]
    },
    "80": {
      "tx": [
        [
          3740000,
          [
            [
              10000,
              0.0016181229773462784,
              -0.04854368932038834
            ]
          ]
        ]
      ]
    },
    "17": {
      "tx": [
        [
          18120000,
          [
            [
              10000,
              0.043346278317152105,
              0.358252427184466
            ]
          ]
        ]
      ]
    },
    "15": {
      "tx": [
        [
          21220000,
          [
            [
              5000,
              0.051624595469255664,
              -1.0100323624595469
            ]
          ]
        ]
      ]
    },
    "10": {
      "tx": [
        [
          28990000,
          [
            [
              10000,
              0.028155339805825245,
              1.7637540453074432
            ]
          ]
        ]
      ]
    },
    "12": {
      "tx": [
        [
          24940000,
          [
            [
              10000,
              0.045805825242718444,
              -1.5139158576051779
            ]
          ]
        ]
      ]
    },
    "2": {
      "rx": [
        [
          146840000,
          [
            [
              10000,
              -0.12459016393442623,
              -2.9672131147540983
            ]
          ]
        ]
      ],
      "tx": [
        [
          146840000,
          [
            [
              10000,
              0.0879016393442623,
              0.24721311475409838
            ]
          ]
        ]
      ]
    }
  },
  "lastBand": "20",
  "VFO": 14065000,
  "txFreq": -6017,
  "mode": "CWL",
  "vardecim_set": 48000,
  "filterAdjBw1": 6500,
  "levelAGC": 490,
  "levelOffAGC": 100,
  "volumeAudio": 738,
  "levelSpot": 986,
  "levelSquelch": 519,
  "levelSquelchSSB": 200,
  "levelVOX": -20,
  "timeVOX": 500,
  "sidetone_volume": 170,
  "txAudioClipUsb": 10,
  "txAudioClipAm": 0,
  "txAudioClipFm": 11,
  "txAudioClipFdv": 0,
  "txAudioPreemphUsb": 50,
  "txAudioPreemphAm": 0,
  "txAudioPreemphFm": 70,
  "txAudioPreemphFdv": 0,
  "wfallScaleZ": {
    "20": [
      81,
      84
    ],
    "80": [
      80,
      81
    ],
    "40": [
      80,
      81
    ],
    "30": [
      80,
      81
    ],
    "17": [
      80,
      84
    ],
    "15": [
      80,
      82
    ],
    "12": [
      80,
      82
    ],
    "10": [
      80,
      95
    ]
  },
  "wfallGrScaleZ": {
    "20": [
      46,
      80
    ],
    "80": [
      46,
      82
    ],
    "40": [
      45,
      81
    ],
    "30": [
      45,
      85
    ],
    "17": [
      45,
      85
    ],
    "15": [
      49,
      76
    ],
    "12": [
      46,
      79
    ],
    "10": [
      46,
      81
    ]
  },
  "graphScaleZ": {
    "20": [
      46,
      80
    ],
    "40": [
      45,
      81
    ],
    "80": [
      46,
      82
    ],
    "30": [
      45,
      85
    ],
    "17": [
      45,
      85
    ],
    "15": [
      49,
      76
    ],
    "12": [
      46,
      79
    ],
    "10": [
      46,
      81
    ],
    "2": [
      46,
      78
    ],
    "Time": [
      57,
      75
    ]
  },
  "split_rxtx_play": 2,
  "modeFilter": {
    "CW": 3,
    "SSB": 2,
    "AM": 1,
    "FM": 2,
    "DGT": 3,
    "FDV": 2,
    "IMD": 3,
    "": 3
  },
  "file_name_rec_audio": "",
  "file_name_rec_samples": "",
  "file_name_rec_mic": "",
  "file_name_rec_tmp": "",
  "file_name_play_audio": "",
  "file_name_play_samples": "",
  "file_name_play_cq": "",
  "freedv_mode": "Mode 700D",
  "file_play_source": 0,
  "hermes_LNA_dB": 20
}