{
  "bandState": {
    "Audio": [
      0,
      0,
      "LSB"
    ],
    "160": [
      1995000,
      5000,
      "LSB"
    ],
    "80": [
      3570000,
      3000,
      "USB"
    ],
    "60": [
      5340000,
      -9500,
      "USB"
    ],
    "40": [
      7200000,
      -5000,
      "LSB"
    ],
    "30": [
      10130000,
      6000,
      "USB"
    ],
    "Time": [
      5000000,
      0,
      "AM"
    ],
    "20": [
      14250000,
      -2000,
      "USB"
    ],
    "17": [
      18090000,
      10000,
      "USB"
    ],
    "15": [
      21065000,
      8950,
      "DGT-U"
    ],
    "12": [
      24900000,
      15000,
      "USB"
    ],
    "10": [
      28065000,
      9000,
      "USB"
    ],
    "6": [
      52000000,
      10000,
      "USB"
    ],
    "4": [
      70250000,
      10000,
      "USB"
    ],
    "2": [
      145440000,
      10000,
      "FM"
    ],
    "1.25": [
      223500000,
      10000,
      "USB"
    ],
    "70cm": [
      435000000,
      10000,
      "USB"
    ],
    "33cm": [
      915000000,
      10000,
      "USB"
    ],
    "23cm": [
      1270000000,
      10000,
      "USB"
    ],
    "13cm": [
      2375000000,
      10000,
      "USB"
    ],
    "9cm": [
      3400000000,
      10000,
      "USB"
    ],
    "5cm": [
      5787500000,
      10000,
      "USB"
    ],
    "3cm": [
      10250000000,
      10000,
      "USB"
    ]
  },
  "bandAmplPhase": {
    "Version": {
      "rx": []
    },
    "30": {
      "tx": [
        [
          10130000,
          [
            [
              -15000,
              0.03534510433386838,
              -0.10048154093097911
            ],
            [
              -1000,
              0.041235955056179774,
              -0.19518459069020866
            ],
            [
              1000,
              0.032327447833065806,
              -0.13097913322632423
            ],
            [
              15000,
              0.03438202247191011,
              -0.00770465489566613
            ]
          ]
        ]
      ]
    },
    "40": {
      "tx": [
        [
          7020000,
          [
            [
              -15000,
              0.021171749598715893,
              -0.07768860353130015
            ],
            [
              -1000,
              0.02373996789727127,
              -0.11011235955056178
            ],
            [
              1000,
              0.017223113964687,
              -0.024719101123595516
            ],
            [
              15000,
              0.019903691813804174,
              0.06837881219903691
            ]
          ]
        ],
        [
          7150000,
          [
            [
              -15000,
              0.021235955056179777,
              -0.07608346709470304
            ],
            [
              -1000,
              0.024735152487961477,
              -0.09534510433386836
            ],
            [
              1000,
              0.018924558587479934,
              0.0016051364365971105
            ],
            [
              15000,
              0.02043338683788122,
              0.04109149277688603
            ]
          ]
        ],
        [
          7280000,
          [
            [
              -15000,
              0.021894060995184587,
              -0.07576243980738363
            ],
            [
              -1000,
              0.024831460674157303,
              -0.09502407704654894
            ],
            [
              1000,
              0.018619582664526485,
              -0.014767255216693417
            ],
            [
              15000,
              0.021091492776886035,
              0.09887640449438201
            ]
          ]
        ]
      ]
    },
    "12": {
      "tx": [
        [
          24940000,
          [
            [
              10000,
              0.045805825242718444,
              -1.5139158576051779
            ]
          ]
        ]
      ]
    },
    "2": {
      "rx": [
        [
          145000000,
          [
            [
              -15000,
              -0.07521035598705503,
              2.06957928802589
            ],
            [
              -1000,
              -0.12896440129449838,
              0.9844660194174756
            ],
            [
              1000,
              -0.16207119741100326,
              -0.17378640776699028
            ],
            [
              15000,
              -0.08815533980582525,
              -3.466343042071197
            ]
          ]
        ],
        [
          146000000,
          [
            [
              -15000,
              -0.07059870550161812,
              1.7737864077669903
            ],
            [
              -1000,
              -0.1322330097087379,
              1.4501618122977344
            ],
            [
              1000,
              -0.16181229773462785,
              -0.02233009708737864
            ],
            [
              15000,
              -0.09362459546925567,
              -3.3135922330097083
            ]
          ]
        ],
        [
          147000000,
          [
            [
              -15000,
              -0.06741100323624596,
              1.2540453074433657
            ],
            [
              -1000,
              -0.11993527508090615,
              1.5935275080906148
            ],
            [
              1000,
              -0.153915857605178,
              0.42847896440129446
            ],
            [
              15000,
              -0.09760517799352751,
              -3.1893203883495143
            ]
          ]
        ]
      ]
    },
    "80": {
      "tx": [
        [
          3520000,
          [
            [
              -15000,
              -0.0014285714285714286,
              0.0478330658105939
            ],
            [
              -1000,
              0.0009791332263242376,
              -0.12873194221508827
            ],
            [
              1000,
              -0.004799357945425361,
              -0.1768860353130016
            ],
            [
              10000,
              -0.0008667736757624398,
              -0.04847512038523274
            ]
          ]
        ],
        [
          3750000,
          [
            [
              -5000,
              0.0,
              -0.08057784911717494
            ],
            [
              -1000,
              0.0056340288924558585,
              0.0
            ],
            [
              1000,
              -0.0015890850722311395,
              -0.1929373996789727
            ],
            [
              15000,
              -0.0015890850722311395,
              -0.06452648475120384
            ]
          ]
        ],
        [
          3980000,
          [
            [
              -15000,
              0.0021990369181380414,
              -0.03242375601926163
            ],
            [
              -1000,
              0.005409309791332263,
              0.0
            ],
            [
              1000,
              -0.0034189406099518456,
              -0.11268057784911717
            ],
            [
              15000,
              0.0021990369181380414,
              -0.03242375601926163
            ]
          ]
        ]
      ]
    },